model,city,n_rows,mae,rmse,mean_true_demand,mean_prediction,negative_predictions_before_clipping
my_team,OVERALL,198636,0.655119,1.037978,1.141027,1.152139,0.0
my_team,city 1,117857,0.77583,1.134847,1.36081,1.389407,
my_team,city 2,76711,0.503932,0.899855,0.859772,0.844284,
my_team,city 3,4068,0.00887,0.163473,0.077188,0.083376,
dummy_baseline,OVERALL,198636,98.859497,98.878941,1.141027,100.0,0.0
dummy_baseline,city 1,117857,98.640072,98.662717,1.36081,100.0,
dummy_baseline,city 2,76711,99.140228,99.15471,0.859772,100.0,
dummy_baseline,city 3,4068,99.922812,99.923484,0.077188,100.0,
