model,city,n_rows,mae,rmse,mean_true_demand,mean_prediction,negative_predictions_before_clipping
my_team,OVERALL,198636,0.823472,1.345171,1.141027,1.147157,0.0
my_team,city 1,117857,0.96419,1.46958,1.36081,1.396999,
my_team,city 2,76711,0.632559,1.15551,0.859772,0.807925,
my_team,city 3,4068,0.346719,0.779573,0.077188,0.30577,
dummy_baseline,OVERALL,198636,98.859497,98.878941,1.141027,100.0,0.0
dummy_baseline,city 1,117857,98.640072,98.662717,1.36081,100.0,
dummy_baseline,city 2,76711,99.140228,99.15471,0.859772,100.0,
dummy_baseline,city 3,4068,99.922812,99.923484,0.077188,100.0,
